candidate_link_id,undisclosed_entity_id,candidate_entity_id,rank,confidence,rationale,supporting_evidence_ids
cand-c75c933f03c0,ent-60b74b2eb970,ent-027f1972f7f2,1,medium,China Yangtze Power repeatedly appears as an explicit customer in the downloaded-source corpus.,"[""cn-china-yangtze-power-2023-ev-6cc682cc9b"", ""cn-china-yangtze-power-2023-ev-a28ba5ba37"", ""cn-china-yangtze-power-2024-ev-0600587f33"", ""cn-china-yangtze-power-2024-ev-2c74a42116"", ""cn-china-yangtze-power-2024-ev-88ed9a55c7"", ""cn-china-yangtze-power-2024-ev-b9c9d4d887""]"
cand-a724216fc819,ent-60b74b2eb970,ent-6ac4ef6eabc4,2,medium,国家电网有限公司 repeatedly appears as an explicit customer in the downloaded-source corpus.,"[""cn-china-yangtze-power-2023-ev-3dd9bd98a2"", ""cn-china-yangtze-power-2023-ev-94ac79a487"", ""cn-china-yangtze-power-2024-ev-2004f96960"", ""cn-china-yangtze-power-2024-ev-537374125a""]"
cand-ebb7dd2a4891,ent-60b74b2eb970,ent-ceb27ac07b15,3,medium,中国南方电网有限责任公司 repeatedly appears as an explicit customer in the downloaded-source corpus.,"[""cn-china-yangtze-power-2023-ev-525768c6f9"", ""cn-china-yangtze-power-2023-ev-5a57116866"", ""cn-china-yangtze-power-2024-ev-076e6c493d""]"
cand-8705f0f294a9,ent-60b74b2eb970,ent-58ab7db982f7,4,low,广东电网有限责任公司 repeatedly appears as an explicit customer in the downloaded-source corpus.,"[""cn-china-yangtze-power-2023-ev-00bef1cbd6"", ""cn-china-yangtze-power-2024-ev-4f226e3697""]"
cand-063721440724,ent-60b74b2eb970,ent-b6f6e4bf5b2c,5,low,中国南方电网有限责任公司超高压输电公司 repeatedly appears as an explicit customer in the downloaded-source corpus.,"[""cn-china-yangtze-power-2024-ev-f81935162e""]"
cand-fc2a50147478,ent-72a4952e5023,ent-027f1972f7f2,1,medium,China Yangtze Power repeatedly appears as an explicit customer in the downloaded-source corpus.,"[""cn-china-yangtze-power-2023-ev-6cc682cc9b"", ""cn-china-yangtze-power-2023-ev-a28ba5ba37"", ""cn-china-yangtze-power-2024-ev-0600587f33"", ""cn-china-yangtze-power-2024-ev-2c74a42116"", ""cn-china-yangtze-power-2024-ev-88ed9a55c7"", ""cn-china-yangtze-power-2024-ev-b9c9d4d887""]"
cand-19e1c2c1af5f,ent-72a4952e5023,ent-6ac4ef6eabc4,2,medium,国家电网有限公司 repeatedly appears as an explicit customer in the downloaded-source corpus.,"[""cn-china-yangtze-power-2023-ev-3dd9bd98a2"", ""cn-china-yangtze-power-2023-ev-94ac79a487"", ""cn-china-yangtze-power-2024-ev-2004f96960"", ""cn-china-yangtze-power-2024-ev-537374125a""]"
cand-ae778ef44585,ent-72a4952e5023,ent-ceb27ac07b15,3,medium,中国南方电网有限责任公司 repeatedly appears as an explicit customer in the downloaded-source corpus.,"[""cn-china-yangtze-power-2023-ev-525768c6f9"", ""cn-china-yangtze-power-2023-ev-5a57116866"", ""cn-china-yangtze-power-2024-ev-076e6c493d""]"
cand-5cdd363de69b,ent-72a4952e5023,ent-58ab7db982f7,4,low,广东电网有限责任公司 repeatedly appears as an explicit customer in the downloaded-source corpus.,"[""cn-china-yangtze-power-2023-ev-00bef1cbd6"", ""cn-china-yangtze-power-2024-ev-4f226e3697""]"
cand-18202e825254,ent-72a4952e5023,ent-b6f6e4bf5b2c,5,low,中国南方电网有限责任公司超高压输电公司 repeatedly appears as an explicit customer in the downloaded-source corpus.,"[""cn-china-yangtze-power-2024-ev-f81935162e""]"
cand-d925e9dbe615,ent-3e3511d59940,ent-027f1972f7f2,1,medium,China Yangtze Power repeatedly appears as an explicit customer in the downloaded-source corpus.,"[""cn-china-yangtze-power-2023-ev-6cc682cc9b"", ""cn-china-yangtze-power-2023-ev-a28ba5ba37"", ""cn-china-yangtze-power-2024-ev-0600587f33"", ""cn-china-yangtze-power-2024-ev-2c74a42116"", ""cn-china-yangtze-power-2024-ev-88ed9a55c7"", ""cn-china-yangtze-power-2024-ev-b9c9d4d887""]"
cand-6afa9179f250,ent-3e3511d59940,ent-6ac4ef6eabc4,2,medium,国家电网有限公司 repeatedly appears as an explicit customer in the downloaded-source corpus.,"[""cn-china-yangtze-power-2023-ev-3dd9bd98a2"", ""cn-china-yangtze-power-2023-ev-94ac79a487"", ""cn-china-yangtze-power-2024-ev-2004f96960"", ""cn-china-yangtze-power-2024-ev-537374125a""]"
cand-5fe18d4c67f2,ent-3e3511d59940,ent-ceb27ac07b15,3,medium,中国南方电网有限责任公司 repeatedly appears as an explicit customer in the downloaded-source corpus.,"[""cn-china-yangtze-power-2023-ev-525768c6f9"", ""cn-china-yangtze-power-2023-ev-5a57116866"", ""cn-china-yangtze-power-2024-ev-076e6c493d""]"
cand-16f9190da5d2,ent-3e3511d59940,ent-58ab7db982f7,4,low,广东电网有限责任公司 repeatedly appears as an explicit customer in the downloaded-source corpus.,"[""cn-china-yangtze-power-2023-ev-00bef1cbd6"", ""cn-china-yangtze-power-2024-ev-4f226e3697""]"
cand-7ee8130122b0,ent-3e3511d59940,ent-b6f6e4bf5b2c,5,low,中国南方电网有限责任公司超高压输电公司 repeatedly appears as an explicit customer in the downloaded-source corpus.,"[""cn-china-yangtze-power-2024-ev-f81935162e""]"
cand-a2bfc8b9cc40,ent-f8238114d644,ent-027f1972f7f2,1,medium,China Yangtze Power repeatedly appears as an explicit customer in the downloaded-source corpus.,"[""cn-china-yangtze-power-2023-ev-6cc682cc9b"", ""cn-china-yangtze-power-2023-ev-a28ba5ba37"", ""cn-china-yangtze-power-2024-ev-0600587f33"", ""cn-china-yangtze-power-2024-ev-2c74a42116"", ""cn-china-yangtze-power-2024-ev-88ed9a55c7"", ""cn-china-yangtze-power-2024-ev-b9c9d4d887""]"
cand-e4ab22c5616a,ent-f8238114d644,ent-6ac4ef6eabc4,2,medium,国家电网有限公司 repeatedly appears as an explicit customer in the downloaded-source corpus.,"[""cn-china-yangtze-power-2023-ev-3dd9bd98a2"", ""cn-china-yangtze-power-2023-ev-94ac79a487"", ""cn-china-yangtze-power-2024-ev-2004f96960"", ""cn-china-yangtze-power-2024-ev-537374125a""]"
cand-cd1894cf3f4f,ent-f8238114d644,ent-ceb27ac07b15,3,medium,中国南方电网有限责任公司 repeatedly appears as an explicit customer in the downloaded-source corpus.,"[""cn-china-yangtze-power-2023-ev-525768c6f9"", ""cn-china-yangtze-power-2023-ev-5a57116866"", ""cn-china-yangtze-power-2024-ev-076e6c493d""]"
cand-008026d760f0,ent-f8238114d644,ent-58ab7db982f7,4,low,广东电网有限责任公司 repeatedly appears as an explicit customer in the downloaded-source corpus.,"[""cn-china-yangtze-power-2023-ev-00bef1cbd6"", ""cn-china-yangtze-power-2024-ev-4f226e3697""]"
cand-794f35e2db37,ent-f8238114d644,ent-b6f6e4bf5b2c,5,low,中国南方电网有限责任公司超高压输电公司 repeatedly appears as an explicit customer in the downloaded-source corpus.,"[""cn-china-yangtze-power-2024-ev-f81935162e""]"
cand-c79e11597b96,ent-edd13622c61c,ent-027f1972f7f2,1,medium,China Yangtze Power repeatedly appears as an explicit customer in the downloaded-source corpus.,"[""cn-china-yangtze-power-2023-ev-6cc682cc9b"", ""cn-china-yangtze-power-2023-ev-a28ba5ba37"", ""cn-china-yangtze-power-2024-ev-0600587f33"", ""cn-china-yangtze-power-2024-ev-2c74a42116"", ""cn-china-yangtze-power-2024-ev-88ed9a55c7"", ""cn-china-yangtze-power-2024-ev-b9c9d4d887""]"
cand-bdb41622ab5b,ent-edd13622c61c,ent-6ac4ef6eabc4,2,medium,国家电网有限公司 repeatedly appears as an explicit customer in the downloaded-source corpus.,"[""cn-china-yangtze-power-2023-ev-3dd9bd98a2"", ""cn-china-yangtze-power-2023-ev-94ac79a487"", ""cn-china-yangtze-power-2024-ev-2004f96960"", ""cn-china-yangtze-power-2024-ev-537374125a""]"
cand-f57b3eef3879,ent-edd13622c61c,ent-ceb27ac07b15,3,medium,中国南方电网有限责任公司 repeatedly appears as an explicit customer in the downloaded-source corpus.,"[""cn-china-yangtze-power-2023-ev-525768c6f9"", ""cn-china-yangtze-power-2023-ev-5a57116866"", ""cn-china-yangtze-power-2024-ev-076e6c493d""]"
cand-44b1cc291b58,ent-edd13622c61c,ent-58ab7db982f7,4,low,广东电网有限责任公司 repeatedly appears as an explicit customer in the downloaded-source corpus.,"[""cn-china-yangtze-power-2023-ev-00bef1cbd6"", ""cn-china-yangtze-power-2024-ev-4f226e3697""]"
cand-60927ac971c5,ent-edd13622c61c,ent-b6f6e4bf5b2c,5,low,中国南方电网有限责任公司超高压输电公司 repeatedly appears as an explicit customer in the downloaded-source corpus.,"[""cn-china-yangtze-power-2024-ev-f81935162e""]"
cand-ab7998a084dc,ent-e76b91fdf2d4,ent-027f1972f7f2,1,medium,China Yangtze Power repeatedly appears as an explicit supplier in the downloaded-source corpus.,"[""cn-china-yangtze-power-2023-ev-00bef1cbd6"", ""cn-china-yangtze-power-2023-ev-3dd9bd98a2"", ""cn-china-yangtze-power-2023-ev-525768c6f9"", ""cn-china-yangtze-power-2023-ev-5a57116866"", ""cn-china-yangtze-power-2023-ev-94ac79a487"", ""cn-china-yangtze-power-2024-ev-076e6c493d"", ""cn-china-yangtze-power-2024-ev-2004f96960"", ""cn-china-yangtze-power-2024-ev-4f226e3697"", ""cn-china-yangtze-power-2024-ev-537374125a"", ""cn-china-yangtze-power-2024-ev-f81935162e""]"
cand-dcf418ea0294,ent-e76b91fdf2d4,ent-6f86e4d33957,2,low,Foxconn Industrial Internet repeatedly appears as an explicit supplier in the downloaded-source corpus.,"[""cn-foxconn-industrial-internet-2023-ev-ecb6a4b2ff""]"
cand-fb345316b452,ent-e76b91fdf2d4,ent-aa0c3335acf9,3,low,三峡基地发展有限公司 repeatedly appears as an explicit supplier in the downloaded-source corpus.,"[""cn-china-yangtze-power-2023-ev-6cc682cc9b""]"
cand-8bf75c643bf1,ent-e76b91fdf2d4,ent-3c1dfb3f4b19,4,low,中国电建集团华东勘测设计研究院有限公司 repeatedly appears as an explicit supplier in the downloaded-source corpus.,"[""cn-china-yangtze-power-2024-ev-88ed9a55c7""]"
cand-223c56973ba0,ent-e76b91fdf2d4,ent-694b32cf4c4c,5,low,中国能源建设集团山西省电力勘测设计院有限公司 repeatedly appears as an explicit supplier in the downloaded-source corpus.,"[""cn-china-yangtze-power-2024-ev-0600587f33""]"
cand-9d204bc85eaf,ent-80ccdb60bd95,ent-027f1972f7f2,1,medium,China Yangtze Power repeatedly appears as an explicit supplier in the downloaded-source corpus.,"[""cn-china-yangtze-power-2023-ev-00bef1cbd6"", ""cn-china-yangtze-power-2023-ev-3dd9bd98a2"", ""cn-china-yangtze-power-2023-ev-525768c6f9"", ""cn-china-yangtze-power-2023-ev-5a57116866"", ""cn-china-yangtze-power-2023-ev-94ac79a487"", ""cn-china-yangtze-power-2024-ev-076e6c493d"", ""cn-china-yangtze-power-2024-ev-2004f96960"", ""cn-china-yangtze-power-2024-ev-4f226e3697"", ""cn-china-yangtze-power-2024-ev-537374125a"", ""cn-china-yangtze-power-2024-ev-f81935162e""]"
cand-642f9caca8bf,ent-80ccdb60bd95,ent-6f86e4d33957,2,low,Foxconn Industrial Internet repeatedly appears as an explicit supplier in the downloaded-source corpus.,"[""cn-foxconn-industrial-internet-2023-ev-ecb6a4b2ff""]"
cand-c962dc846649,ent-80ccdb60bd95,ent-aa0c3335acf9,3,low,三峡基地发展有限公司 repeatedly appears as an explicit supplier in the downloaded-source corpus.,"[""cn-china-yangtze-power-2023-ev-6cc682cc9b""]"
cand-d497975ccb1d,ent-80ccdb60bd95,ent-3c1dfb3f4b19,4,low,中国电建集团华东勘测设计研究院有限公司 repeatedly appears as an explicit supplier in the downloaded-source corpus.,"[""cn-china-yangtze-power-2024-ev-88ed9a55c7""]"
cand-4156c4b9ca6c,ent-80ccdb60bd95,ent-694b32cf4c4c,5,low,中国能源建设集团山西省电力勘测设计院有限公司 repeatedly appears as an explicit supplier in the downloaded-source corpus.,"[""cn-china-yangtze-power-2024-ev-0600587f33""]"
cand-4f54ddd5ba63,ent-5f1cb462f105,ent-027f1972f7f2,1,medium,China Yangtze Power repeatedly appears as an explicit supplier in the downloaded-source corpus.,"[""cn-china-yangtze-power-2023-ev-00bef1cbd6"", ""cn-china-yangtze-power-2023-ev-3dd9bd98a2"", ""cn-china-yangtze-power-2023-ev-525768c6f9"", ""cn-china-yangtze-power-2023-ev-5a57116866"", ""cn-china-yangtze-power-2023-ev-94ac79a487"", ""cn-china-yangtze-power-2024-ev-076e6c493d"", ""cn-china-yangtze-power-2024-ev-2004f96960"", ""cn-china-yangtze-power-2024-ev-4f226e3697"", ""cn-china-yangtze-power-2024-ev-537374125a"", ""cn-china-yangtze-power-2024-ev-f81935162e""]"
cand-05c5b743b84d,ent-5f1cb462f105,ent-6f86e4d33957,2,low,Foxconn Industrial Internet repeatedly appears as an explicit supplier in the downloaded-source corpus.,"[""cn-foxconn-industrial-internet-2023-ev-ecb6a4b2ff""]"
cand-224c7a8a29e8,ent-5f1cb462f105,ent-aa0c3335acf9,3,low,三峡基地发展有限公司 repeatedly appears as an explicit supplier in the downloaded-source corpus.,"[""cn-china-yangtze-power-2023-ev-6cc682cc9b""]"
cand-fc07937f9f71,ent-5f1cb462f105,ent-3c1dfb3f4b19,4,low,中国电建集团华东勘测设计研究院有限公司 repeatedly appears as an explicit supplier in the downloaded-source corpus.,"[""cn-china-yangtze-power-2024-ev-88ed9a55c7""]"
cand-1ec6c457c99d,ent-5f1cb462f105,ent-694b32cf4c4c,5,low,中国能源建设集团山西省电力勘测设计院有限公司 repeatedly appears as an explicit supplier in the downloaded-source corpus.,"[""cn-china-yangtze-power-2024-ev-0600587f33""]"
cand-6f5f50b19c9e,ent-5c865ebad642,ent-027f1972f7f2,1,medium,China Yangtze Power repeatedly appears as an explicit supplier in the downloaded-source corpus.,"[""cn-china-yangtze-power-2023-ev-00bef1cbd6"", ""cn-china-yangtze-power-2023-ev-3dd9bd98a2"", ""cn-china-yangtze-power-2023-ev-525768c6f9"", ""cn-china-yangtze-power-2023-ev-5a57116866"", ""cn-china-yangtze-power-2023-ev-94ac79a487"", ""cn-china-yangtze-power-2024-ev-076e6c493d"", ""cn-china-yangtze-power-2024-ev-2004f96960"", ""cn-china-yangtze-power-2024-ev-4f226e3697"", ""cn-china-yangtze-power-2024-ev-537374125a"", ""cn-china-yangtze-power-2024-ev-f81935162e""]"
cand-486e8031cad7,ent-5c865ebad642,ent-6f86e4d33957,2,low,Foxconn Industrial Internet repeatedly appears as an explicit supplier in the downloaded-source corpus.,"[""cn-foxconn-industrial-internet-2023-ev-ecb6a4b2ff""]"
cand-5fd4f99210fd,ent-5c865ebad642,ent-aa0c3335acf9,3,low,三峡基地发展有限公司 repeatedly appears as an explicit supplier in the downloaded-source corpus.,"[""cn-china-yangtze-power-2023-ev-6cc682cc9b""]"
cand-59e6838c42b0,ent-5c865ebad642,ent-3c1dfb3f4b19,4,low,中国电建集团华东勘测设计研究院有限公司 repeatedly appears as an explicit supplier in the downloaded-source corpus.,"[""cn-china-yangtze-power-2024-ev-88ed9a55c7""]"
cand-183aadc125be,ent-5c865ebad642,ent-694b32cf4c4c,5,low,中国能源建设集团山西省电力勘测设计院有限公司 repeatedly appears as an explicit supplier in the downloaded-source corpus.,"[""cn-china-yangtze-power-2024-ev-0600587f33""]"
cand-32b09feb78b2,ent-5a0b47c4cf5a,ent-027f1972f7f2,1,medium,China Yangtze Power repeatedly appears as an explicit supplier in the downloaded-source corpus.,"[""cn-china-yangtze-power-2023-ev-00bef1cbd6"", ""cn-china-yangtze-power-2023-ev-3dd9bd98a2"", ""cn-china-yangtze-power-2023-ev-525768c6f9"", ""cn-china-yangtze-power-2023-ev-5a57116866"", ""cn-china-yangtze-power-2023-ev-94ac79a487"", ""cn-china-yangtze-power-2024-ev-076e6c493d"", ""cn-china-yangtze-power-2024-ev-2004f96960"", ""cn-china-yangtze-power-2024-ev-4f226e3697"", ""cn-china-yangtze-power-2024-ev-537374125a"", ""cn-china-yangtze-power-2024-ev-f81935162e""]"
cand-6bb2dd671f64,ent-5a0b47c4cf5a,ent-6f86e4d33957,2,low,Foxconn Industrial Internet repeatedly appears as an explicit supplier in the downloaded-source corpus.,"[""cn-foxconn-industrial-internet-2023-ev-ecb6a4b2ff""]"
cand-5bb49d2d3c77,ent-5a0b47c4cf5a,ent-aa0c3335acf9,3,low,三峡基地发展有限公司 repeatedly appears as an explicit supplier in the downloaded-source corpus.,"[""cn-china-yangtze-power-2023-ev-6cc682cc9b""]"
cand-25de7cf19f8e,ent-5a0b47c4cf5a,ent-3c1dfb3f4b19,4,low,中国电建集团华东勘测设计研究院有限公司 repeatedly appears as an explicit supplier in the downloaded-source corpus.,"[""cn-china-yangtze-power-2024-ev-88ed9a55c7""]"
cand-80c6aaa69358,ent-5a0b47c4cf5a,ent-694b32cf4c4c,5,low,中国能源建设集团山西省电力勘测设计院有限公司 repeatedly appears as an explicit supplier in the downloaded-source corpus.,"[""cn-china-yangtze-power-2024-ev-0600587f33""]"
cand-b385d3800ddd,ent-9e20590e0049,ent-027f1972f7f2,1,medium,China Yangtze Power repeatedly appears as an explicit customer in the downloaded-source corpus.,"[""cn-china-yangtze-power-2023-ev-6cc682cc9b"", ""cn-china-yangtze-power-2023-ev-a28ba5ba37"", ""cn-china-yangtze-power-2024-ev-0600587f33"", ""cn-china-yangtze-power-2024-ev-2c74a42116"", ""cn-china-yangtze-power-2024-ev-88ed9a55c7"", ""cn-china-yangtze-power-2024-ev-b9c9d4d887""]"
cand-70c038bc610f,ent-9e20590e0049,ent-6ac4ef6eabc4,2,medium,国家电网有限公司 repeatedly appears as an explicit customer in the downloaded-source corpus.,"[""cn-china-yangtze-power-2023-ev-3dd9bd98a2"", ""cn-china-yangtze-power-2023-ev-94ac79a487"", ""cn-china-yangtze-power-2024-ev-2004f96960"", ""cn-china-yangtze-power-2024-ev-537374125a""]"
cand-9bda60084288,ent-9e20590e0049,ent-ceb27ac07b15,3,medium,中国南方电网有限责任公司 repeatedly appears as an explicit customer in the downloaded-source corpus.,"[""cn-china-yangtze-power-2023-ev-525768c6f9"", ""cn-china-yangtze-power-2023-ev-5a57116866"", ""cn-china-yangtze-power-2024-ev-076e6c493d""]"
cand-a4edc1f661e4,ent-9e20590e0049,ent-58ab7db982f7,4,low,广东电网有限责任公司 repeatedly appears as an explicit customer in the downloaded-source corpus.,"[""cn-china-yangtze-power-2023-ev-00bef1cbd6"", ""cn-china-yangtze-power-2024-ev-4f226e3697""]"
cand-cac1f95cb6de,ent-9e20590e0049,ent-b6f6e4bf5b2c,5,low,中国南方电网有限责任公司超高压输电公司 repeatedly appears as an explicit customer in the downloaded-source corpus.,"[""cn-china-yangtze-power-2024-ev-f81935162e""]"
cand-850c63c0e6ef,ent-3895a3fc5681,ent-027f1972f7f2,1,medium,China Yangtze Power repeatedly appears as an explicit customer in the downloaded-source corpus.,"[""cn-china-yangtze-power-2023-ev-6cc682cc9b"", ""cn-china-yangtze-power-2023-ev-a28ba5ba37"", ""cn-china-yangtze-power-2024-ev-0600587f33"", ""cn-china-yangtze-power-2024-ev-2c74a42116"", ""cn-china-yangtze-power-2024-ev-88ed9a55c7"", ""cn-china-yangtze-power-2024-ev-b9c9d4d887""]"
cand-1f5ded8440c5,ent-3895a3fc5681,ent-6ac4ef6eabc4,2,medium,国家电网有限公司 repeatedly appears as an explicit customer in the downloaded-source corpus.,"[""cn-china-yangtze-power-2023-ev-3dd9bd98a2"", ""cn-china-yangtze-power-2023-ev-94ac79a487"", ""cn-china-yangtze-power-2024-ev-2004f96960"", ""cn-china-yangtze-power-2024-ev-537374125a""]"
cand-06788b503154,ent-3895a3fc5681,ent-ceb27ac07b15,3,medium,中国南方电网有限责任公司 repeatedly appears as an explicit customer in the downloaded-source corpus.,"[""cn-china-yangtze-power-2023-ev-525768c6f9"", ""cn-china-yangtze-power-2023-ev-5a57116866"", ""cn-china-yangtze-power-2024-ev-076e6c493d""]"
cand-bbb68b6ec26f,ent-3895a3fc5681,ent-58ab7db982f7,4,low,广东电网有限责任公司 repeatedly appears as an explicit customer in the downloaded-source corpus.,"[""cn-china-yangtze-power-2023-ev-00bef1cbd6"", ""cn-china-yangtze-power-2024-ev-4f226e3697""]"
cand-ffeb94daad33,ent-3895a3fc5681,ent-b6f6e4bf5b2c,5,low,中国南方电网有限责任公司超高压输电公司 repeatedly appears as an explicit customer in the downloaded-source corpus.,"[""cn-china-yangtze-power-2024-ev-f81935162e""]"
cand-e7b96aa88af2,ent-525021b4367d,ent-027f1972f7f2,1,medium,China Yangtze Power repeatedly appears as an explicit customer in the downloaded-source corpus.,"[""cn-china-yangtze-power-2023-ev-6cc682cc9b"", ""cn-china-yangtze-power-2023-ev-a28ba5ba37"", ""cn-china-yangtze-power-2024-ev-0600587f33"", ""cn-china-yangtze-power-2024-ev-2c74a42116"", ""cn-china-yangtze-power-2024-ev-88ed9a55c7"", ""cn-china-yangtze-power-2024-ev-b9c9d4d887""]"
cand-7509ee7a3def,ent-525021b4367d,ent-6ac4ef6eabc4,2,medium,国家电网有限公司 repeatedly appears as an explicit customer in the downloaded-source corpus.,"[""cn-china-yangtze-power-2023-ev-3dd9bd98a2"", ""cn-china-yangtze-power-2023-ev-94ac79a487"", ""cn-china-yangtze-power-2024-ev-2004f96960"", ""cn-china-yangtze-power-2024-ev-537374125a""]"
cand-38d22797fd74,ent-525021b4367d,ent-ceb27ac07b15,3,medium,中国南方电网有限责任公司 repeatedly appears as an explicit customer in the downloaded-source corpus.,"[""cn-china-yangtze-power-2023-ev-525768c6f9"", ""cn-china-yangtze-power-2023-ev-5a57116866"", ""cn-china-yangtze-power-2024-ev-076e6c493d""]"
cand-138afb153fb1,ent-525021b4367d,ent-58ab7db982f7,4,low,广东电网有限责任公司 repeatedly appears as an explicit customer in the downloaded-source corpus.,"[""cn-china-yangtze-power-2023-ev-00bef1cbd6"", ""cn-china-yangtze-power-2024-ev-4f226e3697""]"
cand-c6bf5ea1a5c3,ent-525021b4367d,ent-b6f6e4bf5b2c,5,low,中国南方电网有限责任公司超高压输电公司 repeatedly appears as an explicit customer in the downloaded-source corpus.,"[""cn-china-yangtze-power-2024-ev-f81935162e""]"
cand-e83a6bc7a42b,ent-6cf68d59f0f9,ent-027f1972f7f2,1,medium,China Yangtze Power repeatedly appears as an explicit customer in the downloaded-source corpus.,"[""cn-china-yangtze-power-2023-ev-6cc682cc9b"", ""cn-china-yangtze-power-2023-ev-a28ba5ba37"", ""cn-china-yangtze-power-2024-ev-0600587f33"", ""cn-china-yangtze-power-2024-ev-2c74a42116"", ""cn-china-yangtze-power-2024-ev-88ed9a55c7"", ""cn-china-yangtze-power-2024-ev-b9c9d4d887""]"
cand-cb5358c88c41,ent-6cf68d59f0f9,ent-6ac4ef6eabc4,2,medium,国家电网有限公司 repeatedly appears as an explicit customer in the downloaded-source corpus.,"[""cn-china-yangtze-power-2023-ev-3dd9bd98a2"", ""cn-china-yangtze-power-2023-ev-94ac79a487"", ""cn-china-yangtze-power-2024-ev-2004f96960"", ""cn-china-yangtze-power-2024-ev-537374125a""]"
cand-d67800957e18,ent-6cf68d59f0f9,ent-ceb27ac07b15,3,medium,中国南方电网有限责任公司 repeatedly appears as an explicit customer in the downloaded-source corpus.,"[""cn-china-yangtze-power-2023-ev-525768c6f9"", ""cn-china-yangtze-power-2023-ev-5a57116866"", ""cn-china-yangtze-power-2024-ev-076e6c493d""]"
cand-12760d5fbef3,ent-6cf68d59f0f9,ent-58ab7db982f7,4,low,广东电网有限责任公司 repeatedly appears as an explicit customer in the downloaded-source corpus.,"[""cn-china-yangtze-power-2023-ev-00bef1cbd6"", ""cn-china-yangtze-power-2024-ev-4f226e3697""]"
cand-d93aba4b8259,ent-6cf68d59f0f9,ent-b6f6e4bf5b2c,5,low,中国南方电网有限责任公司超高压输电公司 repeatedly appears as an explicit customer in the downloaded-source corpus.,"[""cn-china-yangtze-power-2024-ev-f81935162e""]"
cand-803240c68e82,ent-32b494ebaf1f,ent-027f1972f7f2,1,medium,China Yangtze Power repeatedly appears as an explicit customer in the downloaded-source corpus.,"[""cn-china-yangtze-power-2023-ev-6cc682cc9b"", ""cn-china-yangtze-power-2023-ev-a28ba5ba37"", ""cn-china-yangtze-power-2024-ev-0600587f33"", ""cn-china-yangtze-power-2024-ev-2c74a42116"", ""cn-china-yangtze-power-2024-ev-88ed9a55c7"", ""cn-china-yangtze-power-2024-ev-b9c9d4d887""]"
cand-100850f30d21,ent-32b494ebaf1f,ent-6ac4ef6eabc4,2,medium,国家电网有限公司 repeatedly appears as an explicit customer in the downloaded-source corpus.,"[""cn-china-yangtze-power-2023-ev-3dd9bd98a2"", ""cn-china-yangtze-power-2023-ev-94ac79a487"", ""cn-china-yangtze-power-2024-ev-2004f96960"", ""cn-china-yangtze-power-2024-ev-537374125a""]"
cand-a356baf73701,ent-32b494ebaf1f,ent-ceb27ac07b15,3,medium,中国南方电网有限责任公司 repeatedly appears as an explicit customer in the downloaded-source corpus.,"[""cn-china-yangtze-power-2023-ev-525768c6f9"", ""cn-china-yangtze-power-2023-ev-5a57116866"", ""cn-china-yangtze-power-2024-ev-076e6c493d""]"
cand-6a291611c953,ent-32b494ebaf1f,ent-58ab7db982f7,4,low,广东电网有限责任公司 repeatedly appears as an explicit customer in the downloaded-source corpus.,"[""cn-china-yangtze-power-2023-ev-00bef1cbd6"", ""cn-china-yangtze-power-2024-ev-4f226e3697""]"
cand-6c9214f293da,ent-32b494ebaf1f,ent-b6f6e4bf5b2c,5,low,中国南方电网有限责任公司超高压输电公司 repeatedly appears as an explicit customer in the downloaded-source corpus.,"[""cn-china-yangtze-power-2024-ev-f81935162e""]"
cand-8eb6f3748b9a,ent-a1854423f33f,ent-027f1972f7f2,1,medium,China Yangtze Power repeatedly appears as an explicit supplier in the downloaded-source corpus.,"[""cn-china-yangtze-power-2023-ev-00bef1cbd6"", ""cn-china-yangtze-power-2023-ev-3dd9bd98a2"", ""cn-china-yangtze-power-2023-ev-525768c6f9"", ""cn-china-yangtze-power-2023-ev-5a57116866"", ""cn-china-yangtze-power-2023-ev-94ac79a487"", ""cn-china-yangtze-power-2024-ev-076e6c493d"", ""cn-china-yangtze-power-2024-ev-2004f96960"", ""cn-china-yangtze-power-2024-ev-4f226e3697"", ""cn-china-yangtze-power-2024-ev-537374125a"", ""cn-china-yangtze-power-2024-ev-f81935162e""]"
cand-aeee80ff0a50,ent-a1854423f33f,ent-6f86e4d33957,2,low,Foxconn Industrial Internet repeatedly appears as an explicit supplier in the downloaded-source corpus.,"[""cn-foxconn-industrial-internet-2023-ev-ecb6a4b2ff""]"
cand-6378345c3645,ent-a1854423f33f,ent-aa0c3335acf9,3,low,三峡基地发展有限公司 repeatedly appears as an explicit supplier in the downloaded-source corpus.,"[""cn-china-yangtze-power-2023-ev-6cc682cc9b""]"
cand-c19087a5386e,ent-a1854423f33f,ent-3c1dfb3f4b19,4,low,中国电建集团华东勘测设计研究院有限公司 repeatedly appears as an explicit supplier in the downloaded-source corpus.,"[""cn-china-yangtze-power-2024-ev-88ed9a55c7""]"
cand-bc8e1cc159d7,ent-a1854423f33f,ent-694b32cf4c4c,5,low,中国能源建设集团山西省电力勘测设计院有限公司 repeatedly appears as an explicit supplier in the downloaded-source corpus.,"[""cn-china-yangtze-power-2024-ev-0600587f33""]"
cand-40581aa034eb,ent-a15268d55b6c,ent-027f1972f7f2,1,medium,China Yangtze Power repeatedly appears as an explicit supplier in the downloaded-source corpus.,"[""cn-china-yangtze-power-2023-ev-00bef1cbd6"", ""cn-china-yangtze-power-2023-ev-3dd9bd98a2"", ""cn-china-yangtze-power-2023-ev-525768c6f9"", ""cn-china-yangtze-power-2023-ev-5a57116866"", ""cn-china-yangtze-power-2023-ev-94ac79a487"", ""cn-china-yangtze-power-2024-ev-076e6c493d"", ""cn-china-yangtze-power-2024-ev-2004f96960"", ""cn-china-yangtze-power-2024-ev-4f226e3697"", ""cn-china-yangtze-power-2024-ev-537374125a"", ""cn-china-yangtze-power-2024-ev-f81935162e""]"
cand-30bfa14befb4,ent-a15268d55b6c,ent-6f86e4d33957,2,low,Foxconn Industrial Internet repeatedly appears as an explicit supplier in the downloaded-source corpus.,"[""cn-foxconn-industrial-internet-2023-ev-ecb6a4b2ff""]"
cand-acdf5311d661,ent-a15268d55b6c,ent-aa0c3335acf9,3,low,三峡基地发展有限公司 repeatedly appears as an explicit supplier in the downloaded-source corpus.,"[""cn-china-yangtze-power-2023-ev-6cc682cc9b""]"
cand-2b024595be5e,ent-a15268d55b6c,ent-3c1dfb3f4b19,4,low,中国电建集团华东勘测设计研究院有限公司 repeatedly appears as an explicit supplier in the downloaded-source corpus.,"[""cn-china-yangtze-power-2024-ev-88ed9a55c7""]"
cand-5ff65e058dbe,ent-a15268d55b6c,ent-694b32cf4c4c,5,low,中国能源建设集团山西省电力勘测设计院有限公司 repeatedly appears as an explicit supplier in the downloaded-source corpus.,"[""cn-china-yangtze-power-2024-ev-0600587f33""]"
cand-0b205a7334c9,ent-0c4fdc432fbf,ent-027f1972f7f2,1,medium,China Yangtze Power repeatedly appears as an explicit supplier in the downloaded-source corpus.,"[""cn-china-yangtze-power-2023-ev-00bef1cbd6"", ""cn-china-yangtze-power-2023-ev-3dd9bd98a2"", ""cn-china-yangtze-power-2023-ev-525768c6f9"", ""cn-china-yangtze-power-2023-ev-5a57116866"", ""cn-china-yangtze-power-2023-ev-94ac79a487"", ""cn-china-yangtze-power-2024-ev-076e6c493d"", ""cn-china-yangtze-power-2024-ev-2004f96960"", ""cn-china-yangtze-power-2024-ev-4f226e3697"", ""cn-china-yangtze-power-2024-ev-537374125a"", ""cn-china-yangtze-power-2024-ev-f81935162e""]"
cand-2c4b475d5dd9,ent-0c4fdc432fbf,ent-6f86e4d33957,2,low,Foxconn Industrial Internet repeatedly appears as an explicit supplier in the downloaded-source corpus.,"[""cn-foxconn-industrial-internet-2023-ev-ecb6a4b2ff""]"
cand-93d0317915f6,ent-0c4fdc432fbf,ent-aa0c3335acf9,3,low,三峡基地发展有限公司 repeatedly appears as an explicit supplier in the downloaded-source corpus.,"[""cn-china-yangtze-power-2023-ev-6cc682cc9b""]"
cand-ca283e5cb437,ent-0c4fdc432fbf,ent-3c1dfb3f4b19,4,low,中国电建集团华东勘测设计研究院有限公司 repeatedly appears as an explicit supplier in the downloaded-source corpus.,"[""cn-china-yangtze-power-2024-ev-88ed9a55c7""]"
cand-c0df48f6bed1,ent-0c4fdc432fbf,ent-694b32cf4c4c,5,low,中国能源建设集团山西省电力勘测设计院有限公司 repeatedly appears as an explicit supplier in the downloaded-source corpus.,"[""cn-china-yangtze-power-2024-ev-0600587f33""]"
cand-b01357bccfbd,ent-d51f72f7a8bd,ent-027f1972f7f2,1,medium,China Yangtze Power repeatedly appears as an explicit supplier in the downloaded-source corpus.,"[""cn-china-yangtze-power-2023-ev-00bef1cbd6"", ""cn-china-yangtze-power-2023-ev-3dd9bd98a2"", ""cn-china-yangtze-power-2023-ev-525768c6f9"", ""cn-china-yangtze-power-2023-ev-5a57116866"", ""cn-china-yangtze-power-2023-ev-94ac79a487"", ""cn-china-yangtze-power-2024-ev-076e6c493d"", ""cn-china-yangtze-power-2024-ev-2004f96960"", ""cn-china-yangtze-power-2024-ev-4f226e3697"", ""cn-china-yangtze-power-2024-ev-537374125a"", ""cn-china-yangtze-power-2024-ev-f81935162e""]"
cand-479c9d72744c,ent-d51f72f7a8bd,ent-6f86e4d33957,2,low,Foxconn Industrial Internet repeatedly appears as an explicit supplier in the downloaded-source corpus.,"[""cn-foxconn-industrial-internet-2023-ev-ecb6a4b2ff""]"
cand-4b5bdd7c2969,ent-d51f72f7a8bd,ent-aa0c3335acf9,3,low,三峡基地发展有限公司 repeatedly appears as an explicit supplier in the downloaded-source corpus.,"[""cn-china-yangtze-power-2023-ev-6cc682cc9b""]"
cand-98f784952d3a,ent-d51f72f7a8bd,ent-3c1dfb3f4b19,4,low,中国电建集团华东勘测设计研究院有限公司 repeatedly appears as an explicit supplier in the downloaded-source corpus.,"[""cn-china-yangtze-power-2024-ev-88ed9a55c7""]"
cand-a50adbeab280,ent-d51f72f7a8bd,ent-694b32cf4c4c,5,low,中国能源建设集团山西省电力勘测设计院有限公司 repeatedly appears as an explicit supplier in the downloaded-source corpus.,"[""cn-china-yangtze-power-2024-ev-0600587f33""]"
cand-b5e62b228e96,ent-c06fdfb7d8f9,ent-027f1972f7f2,1,medium,China Yangtze Power repeatedly appears as an explicit supplier in the downloaded-source corpus.,"[""cn-china-yangtze-power-2023-ev-00bef1cbd6"", ""cn-china-yangtze-power-2023-ev-3dd9bd98a2"", ""cn-china-yangtze-power-2023-ev-525768c6f9"", ""cn-china-yangtze-power-2023-ev-5a57116866"", ""cn-china-yangtze-power-2023-ev-94ac79a487"", ""cn-china-yangtze-power-2024-ev-076e6c493d"", ""cn-china-yangtze-power-2024-ev-2004f96960"", ""cn-china-yangtze-power-2024-ev-4f226e3697"", ""cn-china-yangtze-power-2024-ev-537374125a"", ""cn-china-yangtze-power-2024-ev-f81935162e""]"
cand-959a07fc6138,ent-c06fdfb7d8f9,ent-6f86e4d33957,2,low,Foxconn Industrial Internet repeatedly appears as an explicit supplier in the downloaded-source corpus.,"[""cn-foxconn-industrial-internet-2023-ev-ecb6a4b2ff""]"
cand-bf3472623b7f,ent-c06fdfb7d8f9,ent-aa0c3335acf9,3,low,三峡基地发展有限公司 repeatedly appears as an explicit supplier in the downloaded-source corpus.,"[""cn-china-yangtze-power-2023-ev-6cc682cc9b""]"
cand-cc59850931a7,ent-c06fdfb7d8f9,ent-3c1dfb3f4b19,4,low,中国电建集团华东勘测设计研究院有限公司 repeatedly appears as an explicit supplier in the downloaded-source corpus.,"[""cn-china-yangtze-power-2024-ev-88ed9a55c7""]"
cand-8d6a96353561,ent-c06fdfb7d8f9,ent-694b32cf4c4c,5,low,中国能源建设集团山西省电力勘测设计院有限公司 repeatedly appears as an explicit supplier in the downloaded-source corpus.,"[""cn-china-yangtze-power-2024-ev-0600587f33""]"
cand-07875f699bfb,ent-348e39a17553,ent-027f1972f7f2,1,medium,China Yangtze Power repeatedly appears as an explicit customer in the downloaded-source corpus.,"[""cn-china-yangtze-power-2023-ev-6cc682cc9b"", ""cn-china-yangtze-power-2023-ev-a28ba5ba37"", ""cn-china-yangtze-power-2024-ev-0600587f33"", ""cn-china-yangtze-power-2024-ev-2c74a42116"", ""cn-china-yangtze-power-2024-ev-88ed9a55c7"", ""cn-china-yangtze-power-2024-ev-b9c9d4d887""]"
cand-aa20632f02bf,ent-348e39a17553,ent-6ac4ef6eabc4,2,medium,国家电网有限公司 repeatedly appears as an explicit customer in the downloaded-source corpus.,"[""cn-china-yangtze-power-2023-ev-3dd9bd98a2"", ""cn-china-yangtze-power-2023-ev-94ac79a487"", ""cn-china-yangtze-power-2024-ev-2004f96960"", ""cn-china-yangtze-power-2024-ev-537374125a""]"
cand-138a193f5870,ent-348e39a17553,ent-ceb27ac07b15,3,medium,中国南方电网有限责任公司 repeatedly appears as an explicit customer in the downloaded-source corpus.,"[""cn-china-yangtze-power-2023-ev-525768c6f9"", ""cn-china-yangtze-power-2023-ev-5a57116866"", ""cn-china-yangtze-power-2024-ev-076e6c493d""]"
cand-5bd918129e27,ent-348e39a17553,ent-58ab7db982f7,4,low,广东电网有限责任公司 repeatedly appears as an explicit customer in the downloaded-source corpus.,"[""cn-china-yangtze-power-2023-ev-00bef1cbd6"", ""cn-china-yangtze-power-2024-ev-4f226e3697""]"
cand-8aab38cb35af,ent-348e39a17553,ent-b6f6e4bf5b2c,5,low,中国南方电网有限责任公司超高压输电公司 repeatedly appears as an explicit customer in the downloaded-source corpus.,"[""cn-china-yangtze-power-2024-ev-f81935162e""]"
cand-5f28dfd02d72,ent-4f19d05ba133,ent-027f1972f7f2,1,medium,China Yangtze Power repeatedly appears as an explicit customer in the downloaded-source corpus.,"[""cn-china-yangtze-power-2023-ev-6cc682cc9b"", ""cn-china-yangtze-power-2023-ev-a28ba5ba37"", ""cn-china-yangtze-power-2024-ev-0600587f33"", ""cn-china-yangtze-power-2024-ev-2c74a42116"", ""cn-china-yangtze-power-2024-ev-88ed9a55c7"", ""cn-china-yangtze-power-2024-ev-b9c9d4d887""]"
cand-a409130feb50,ent-4f19d05ba133,ent-6ac4ef6eabc4,2,medium,国家电网有限公司 repeatedly appears as an explicit customer in the downloaded-source corpus.,"[""cn-china-yangtze-power-2023-ev-3dd9bd98a2"", ""cn-china-yangtze-power-2023-ev-94ac79a487"", ""cn-china-yangtze-power-2024-ev-2004f96960"", ""cn-china-yangtze-power-2024-ev-537374125a""]"
cand-7b3440f4b9c0,ent-4f19d05ba133,ent-ceb27ac07b15,3,medium,中国南方电网有限责任公司 repeatedly appears as an explicit customer in the downloaded-source corpus.,"[""cn-china-yangtze-power-2023-ev-525768c6f9"", ""cn-china-yangtze-power-2023-ev-5a57116866"", ""cn-china-yangtze-power-2024-ev-076e6c493d""]"
cand-71ed262e44ca,ent-4f19d05ba133,ent-58ab7db982f7,4,low,广东电网有限责任公司 repeatedly appears as an explicit customer in the downloaded-source corpus.,"[""cn-china-yangtze-power-2023-ev-00bef1cbd6"", ""cn-china-yangtze-power-2024-ev-4f226e3697""]"
cand-77ad8bccd010,ent-4f19d05ba133,ent-b6f6e4bf5b2c,5,low,中国南方电网有限责任公司超高压输电公司 repeatedly appears as an explicit customer in the downloaded-source corpus.,"[""cn-china-yangtze-power-2024-ev-f81935162e""]"
cand-ceb87aa54dd4,ent-921361a240c7,ent-027f1972f7f2,1,medium,China Yangtze Power repeatedly appears as an explicit customer in the downloaded-source corpus.,"[""cn-china-yangtze-power-2023-ev-6cc682cc9b"", ""cn-china-yangtze-power-2023-ev-a28ba5ba37"", ""cn-china-yangtze-power-2024-ev-0600587f33"", ""cn-china-yangtze-power-2024-ev-2c74a42116"", ""cn-china-yangtze-power-2024-ev-88ed9a55c7"", ""cn-china-yangtze-power-2024-ev-b9c9d4d887""]"
cand-c0fe8fc2cb41,ent-921361a240c7,ent-6ac4ef6eabc4,2,medium,国家电网有限公司 repeatedly appears as an explicit customer in the downloaded-source corpus.,"[""cn-china-yangtze-power-2023-ev-3dd9bd98a2"", ""cn-china-yangtze-power-2023-ev-94ac79a487"", ""cn-china-yangtze-power-2024-ev-2004f96960"", ""cn-china-yangtze-power-2024-ev-537374125a""]"
cand-04e7e12bb8de,ent-921361a240c7,ent-ceb27ac07b15,3,medium,中国南方电网有限责任公司 repeatedly appears as an explicit customer in the downloaded-source corpus.,"[""cn-china-yangtze-power-2023-ev-525768c6f9"", ""cn-china-yangtze-power-2023-ev-5a57116866"", ""cn-china-yangtze-power-2024-ev-076e6c493d""]"
cand-eb8352ba923f,ent-921361a240c7,ent-58ab7db982f7,4,low,广东电网有限责任公司 repeatedly appears as an explicit customer in the downloaded-source corpus.,"[""cn-china-yangtze-power-2023-ev-00bef1cbd6"", ""cn-china-yangtze-power-2024-ev-4f226e3697""]"
cand-90a33750a8ab,ent-921361a240c7,ent-b6f6e4bf5b2c,5,low,中国南方电网有限责任公司超高压输电公司 repeatedly appears as an explicit customer in the downloaded-source corpus.,"[""cn-china-yangtze-power-2024-ev-f81935162e""]"
cand-c2d6790b9893,ent-842d8964b8e4,ent-027f1972f7f2,1,medium,China Yangtze Power repeatedly appears as an explicit customer in the downloaded-source corpus.,"[""cn-china-yangtze-power-2023-ev-6cc682cc9b"", ""cn-china-yangtze-power-2023-ev-a28ba5ba37"", ""cn-china-yangtze-power-2024-ev-0600587f33"", ""cn-china-yangtze-power-2024-ev-2c74a42116"", ""cn-china-yangtze-power-2024-ev-88ed9a55c7"", ""cn-china-yangtze-power-2024-ev-b9c9d4d887""]"
cand-eeeece61c05d,ent-842d8964b8e4,ent-6ac4ef6eabc4,2,medium,国家电网有限公司 repeatedly appears as an explicit customer in the downloaded-source corpus.,"[""cn-china-yangtze-power-2023-ev-3dd9bd98a2"", ""cn-china-yangtze-power-2023-ev-94ac79a487"", ""cn-china-yangtze-power-2024-ev-2004f96960"", ""cn-china-yangtze-power-2024-ev-537374125a""]"
cand-b479ba6e1379,ent-842d8964b8e4,ent-ceb27ac07b15,3,medium,中国南方电网有限责任公司 repeatedly appears as an explicit customer in the downloaded-source corpus.,"[""cn-china-yangtze-power-2023-ev-525768c6f9"", ""cn-china-yangtze-power-2023-ev-5a57116866"", ""cn-china-yangtze-power-2024-ev-076e6c493d""]"
cand-a0b13c79ce04,ent-842d8964b8e4,ent-58ab7db982f7,4,low,广东电网有限责任公司 repeatedly appears as an explicit customer in the downloaded-source corpus.,"[""cn-china-yangtze-power-2023-ev-00bef1cbd6"", ""cn-china-yangtze-power-2024-ev-4f226e3697""]"
cand-4ec5ff4fd514,ent-842d8964b8e4,ent-b6f6e4bf5b2c,5,low,中国南方电网有限责任公司超高压输电公司 repeatedly appears as an explicit customer in the downloaded-source corpus.,"[""cn-china-yangtze-power-2024-ev-f81935162e""]"
cand-2710cb3c9520,ent-6ee9b567a47d,ent-027f1972f7f2,1,medium,China Yangtze Power repeatedly appears as an explicit customer in the downloaded-source corpus.,"[""cn-china-yangtze-power-2023-ev-6cc682cc9b"", ""cn-china-yangtze-power-2023-ev-a28ba5ba37"", ""cn-china-yangtze-power-2024-ev-0600587f33"", ""cn-china-yangtze-power-2024-ev-2c74a42116"", ""cn-china-yangtze-power-2024-ev-88ed9a55c7"", ""cn-china-yangtze-power-2024-ev-b9c9d4d887""]"
cand-9a76c2af5959,ent-6ee9b567a47d,ent-6ac4ef6eabc4,2,medium,国家电网有限公司 repeatedly appears as an explicit customer in the downloaded-source corpus.,"[""cn-china-yangtze-power-2023-ev-3dd9bd98a2"", ""cn-china-yangtze-power-2023-ev-94ac79a487"", ""cn-china-yangtze-power-2024-ev-2004f96960"", ""cn-china-yangtze-power-2024-ev-537374125a""]"
cand-edb97a7b3f1f,ent-6ee9b567a47d,ent-ceb27ac07b15,3,medium,中国南方电网有限责任公司 repeatedly appears as an explicit customer in the downloaded-source corpus.,"[""cn-china-yangtze-power-2023-ev-525768c6f9"", ""cn-china-yangtze-power-2023-ev-5a57116866"", ""cn-china-yangtze-power-2024-ev-076e6c493d""]"
cand-41c34721dc52,ent-6ee9b567a47d,ent-58ab7db982f7,4,low,广东电网有限责任公司 repeatedly appears as an explicit customer in the downloaded-source corpus.,"[""cn-china-yangtze-power-2023-ev-00bef1cbd6"", ""cn-china-yangtze-power-2024-ev-4f226e3697""]"
cand-06f164714594,ent-6ee9b567a47d,ent-b6f6e4bf5b2c,5,low,中国南方电网有限责任公司超高压输电公司 repeatedly appears as an explicit customer in the downloaded-source corpus.,"[""cn-china-yangtze-power-2024-ev-f81935162e""]"
cand-5faf26f6621f,ent-dfc8e4cfff0b,ent-027f1972f7f2,1,medium,China Yangtze Power repeatedly appears as an explicit supplier in the downloaded-source corpus.,"[""cn-china-yangtze-power-2023-ev-00bef1cbd6"", ""cn-china-yangtze-power-2023-ev-3dd9bd98a2"", ""cn-china-yangtze-power-2023-ev-525768c6f9"", ""cn-china-yangtze-power-2023-ev-5a57116866"", ""cn-china-yangtze-power-2023-ev-94ac79a487"", ""cn-china-yangtze-power-2024-ev-076e6c493d"", ""cn-china-yangtze-power-2024-ev-2004f96960"", ""cn-china-yangtze-power-2024-ev-4f226e3697"", ""cn-china-yangtze-power-2024-ev-537374125a"", ""cn-china-yangtze-power-2024-ev-f81935162e""]"
cand-9372d50ead0c,ent-dfc8e4cfff0b,ent-6f86e4d33957,2,low,Foxconn Industrial Internet repeatedly appears as an explicit supplier in the downloaded-source corpus.,"[""cn-foxconn-industrial-internet-2023-ev-ecb6a4b2ff""]"
cand-17225733046b,ent-dfc8e4cfff0b,ent-aa0c3335acf9,3,low,三峡基地发展有限公司 repeatedly appears as an explicit supplier in the downloaded-source corpus.,"[""cn-china-yangtze-power-2023-ev-6cc682cc9b""]"
cand-8db21365a8ed,ent-dfc8e4cfff0b,ent-3c1dfb3f4b19,4,low,中国电建集团华东勘测设计研究院有限公司 repeatedly appears as an explicit supplier in the downloaded-source corpus.,"[""cn-china-yangtze-power-2024-ev-88ed9a55c7""]"
cand-062a4653a4eb,ent-dfc8e4cfff0b,ent-694b32cf4c4c,5,low,中国能源建设集团山西省电力勘测设计院有限公司 repeatedly appears as an explicit supplier in the downloaded-source corpus.,"[""cn-china-yangtze-power-2024-ev-0600587f33""]"
cand-a56650553f65,ent-832d1ca2eb75,ent-027f1972f7f2,1,medium,China Yangtze Power repeatedly appears as an explicit supplier in the downloaded-source corpus.,"[""cn-china-yangtze-power-2023-ev-00bef1cbd6"", ""cn-china-yangtze-power-2023-ev-3dd9bd98a2"", ""cn-china-yangtze-power-2023-ev-525768c6f9"", ""cn-china-yangtze-power-2023-ev-5a57116866"", ""cn-china-yangtze-power-2023-ev-94ac79a487"", ""cn-china-yangtze-power-2024-ev-076e6c493d"", ""cn-china-yangtze-power-2024-ev-2004f96960"", ""cn-china-yangtze-power-2024-ev-4f226e3697"", ""cn-china-yangtze-power-2024-ev-537374125a"", ""cn-china-yangtze-power-2024-ev-f81935162e""]"
cand-c0d901f44e9e,ent-832d1ca2eb75,ent-6f86e4d33957,2,low,Foxconn Industrial Internet repeatedly appears as an explicit supplier in the downloaded-source corpus.,"[""cn-foxconn-industrial-internet-2023-ev-ecb6a4b2ff""]"
cand-c649b92038b1,ent-832d1ca2eb75,ent-aa0c3335acf9,3,low,三峡基地发展有限公司 repeatedly appears as an explicit supplier in the downloaded-source corpus.,"[""cn-china-yangtze-power-2023-ev-6cc682cc9b""]"
cand-046f70e0e64c,ent-832d1ca2eb75,ent-3c1dfb3f4b19,4,low,中国电建集团华东勘测设计研究院有限公司 repeatedly appears as an explicit supplier in the downloaded-source corpus.,"[""cn-china-yangtze-power-2024-ev-88ed9a55c7""]"
cand-4326f9412e44,ent-832d1ca2eb75,ent-694b32cf4c4c,5,low,中国能源建设集团山西省电力勘测设计院有限公司 repeatedly appears as an explicit supplier in the downloaded-source corpus.,"[""cn-china-yangtze-power-2024-ev-0600587f33""]"
cand-4787293f6f23,ent-110dddab3bd8,ent-027f1972f7f2,1,medium,China Yangtze Power repeatedly appears as an explicit supplier in the downloaded-source corpus.,"[""cn-china-yangtze-power-2023-ev-00bef1cbd6"", ""cn-china-yangtze-power-2023-ev-3dd9bd98a2"", ""cn-china-yangtze-power-2023-ev-525768c6f9"", ""cn-china-yangtze-power-2023-ev-5a57116866"", ""cn-china-yangtze-power-2023-ev-94ac79a487"", ""cn-china-yangtze-power-2024-ev-076e6c493d"", ""cn-china-yangtze-power-2024-ev-2004f96960"", ""cn-china-yangtze-power-2024-ev-4f226e3697"", ""cn-china-yangtze-power-2024-ev-537374125a"", ""cn-china-yangtze-power-2024-ev-f81935162e""]"
cand-871981e7ea7d,ent-110dddab3bd8,ent-6f86e4d33957,2,low,Foxconn Industrial Internet repeatedly appears as an explicit supplier in the downloaded-source corpus.,"[""cn-foxconn-industrial-internet-2023-ev-ecb6a4b2ff""]"
cand-9052c85e7dfd,ent-110dddab3bd8,ent-aa0c3335acf9,3,low,三峡基地发展有限公司 repeatedly appears as an explicit supplier in the downloaded-source corpus.,"[""cn-china-yangtze-power-2023-ev-6cc682cc9b""]"
cand-f27d998763d4,ent-110dddab3bd8,ent-3c1dfb3f4b19,4,low,中国电建集团华东勘测设计研究院有限公司 repeatedly appears as an explicit supplier in the downloaded-source corpus.,"[""cn-china-yangtze-power-2024-ev-88ed9a55c7""]"
cand-d1874b16b50d,ent-110dddab3bd8,ent-694b32cf4c4c,5,low,中国能源建设集团山西省电力勘测设计院有限公司 repeatedly appears as an explicit supplier in the downloaded-source corpus.,"[""cn-china-yangtze-power-2024-ev-0600587f33""]"
cand-0c05672a70e0,ent-c0db19a558d1,ent-027f1972f7f2,1,medium,China Yangtze Power repeatedly appears as an explicit supplier in the downloaded-source corpus.,"[""cn-china-yangtze-power-2023-ev-00bef1cbd6"", ""cn-china-yangtze-power-2023-ev-3dd9bd98a2"", ""cn-china-yangtze-power-2023-ev-525768c6f9"", ""cn-china-yangtze-power-2023-ev-5a57116866"", ""cn-china-yangtze-power-2023-ev-94ac79a487"", ""cn-china-yangtze-power-2024-ev-076e6c493d"", ""cn-china-yangtze-power-2024-ev-2004f96960"", ""cn-china-yangtze-power-2024-ev-4f226e3697"", ""cn-china-yangtze-power-2024-ev-537374125a"", ""cn-china-yangtze-power-2024-ev-f81935162e""]"
cand-b5b2b5f2c133,ent-c0db19a558d1,ent-6f86e4d33957,2,low,Foxconn Industrial Internet repeatedly appears as an explicit supplier in the downloaded-source corpus.,"[""cn-foxconn-industrial-internet-2023-ev-ecb6a4b2ff""]"
cand-f7451e4f9959,ent-c0db19a558d1,ent-aa0c3335acf9,3,low,三峡基地发展有限公司 repeatedly appears as an explicit supplier in the downloaded-source corpus.,"[""cn-china-yangtze-power-2023-ev-6cc682cc9b""]"
cand-63aa14f45a98,ent-c0db19a558d1,ent-3c1dfb3f4b19,4,low,中国电建集团华东勘测设计研究院有限公司 repeatedly appears as an explicit supplier in the downloaded-source corpus.,"[""cn-china-yangtze-power-2024-ev-88ed9a55c7""]"
cand-7e6eaf3a3ad1,ent-c0db19a558d1,ent-694b32cf4c4c,5,low,中国能源建设集团山西省电力勘测设计院有限公司 repeatedly appears as an explicit supplier in the downloaded-source corpus.,"[""cn-china-yangtze-power-2024-ev-0600587f33""]"
cand-db8a318b01c2,ent-1da9849edf35,ent-027f1972f7f2,1,medium,China Yangtze Power repeatedly appears as an explicit supplier in the downloaded-source corpus.,"[""cn-china-yangtze-power-2023-ev-00bef1cbd6"", ""cn-china-yangtze-power-2023-ev-3dd9bd98a2"", ""cn-china-yangtze-power-2023-ev-525768c6f9"", ""cn-china-yangtze-power-2023-ev-5a57116866"", ""cn-china-yangtze-power-2023-ev-94ac79a487"", ""cn-china-yangtze-power-2024-ev-076e6c493d"", ""cn-china-yangtze-power-2024-ev-2004f96960"", ""cn-china-yangtze-power-2024-ev-4f226e3697"", ""cn-china-yangtze-power-2024-ev-537374125a"", ""cn-china-yangtze-power-2024-ev-f81935162e""]"
cand-9eec88a2ea97,ent-1da9849edf35,ent-6f86e4d33957,2,low,Foxconn Industrial Internet repeatedly appears as an explicit supplier in the downloaded-source corpus.,"[""cn-foxconn-industrial-internet-2023-ev-ecb6a4b2ff""]"
cand-6c00f95c7930,ent-1da9849edf35,ent-aa0c3335acf9,3,low,三峡基地发展有限公司 repeatedly appears as an explicit supplier in the downloaded-source corpus.,"[""cn-china-yangtze-power-2023-ev-6cc682cc9b""]"
cand-b2f36600a8ae,ent-1da9849edf35,ent-3c1dfb3f4b19,4,low,中国电建集团华东勘测设计研究院有限公司 repeatedly appears as an explicit supplier in the downloaded-source corpus.,"[""cn-china-yangtze-power-2024-ev-88ed9a55c7""]"
cand-8ec69a149361,ent-1da9849edf35,ent-694b32cf4c4c,5,low,中国能源建设集团山西省电力勘测设计院有限公司 repeatedly appears as an explicit supplier in the downloaded-source corpus.,"[""cn-china-yangtze-power-2024-ev-0600587f33""]"
cand-0e154b8e1a2c,ent-67626106d193,ent-4a748db66120,1,medium,NVIDIA repeatedly appears as an explicit customer in the downloaded-source corpus.,"[""us-nvidia-2024-ev-92f3023bbe"", ""us-nvidia-2024-ev-eccc778823"", ""us-nvidia-2025-ev-92f3023bbe"", ""us-nvidia-2025-ev-eccc778823"", ""us-nvidia-2026-ev-92f3023bbe"", ""us-nvidia-2026-ev-eccc778823""]"
cand-ec72c4f1e245,ent-67626106d193,ent-e8bcd432550d,2,medium,Broadcom repeatedly appears as an explicit customer in the downloaded-source corpus.,"[""us-broadcom-2023-ev-9130b59c01"", ""us-broadcom-2024-ev-3baff8ce17"", ""us-broadcom-2024-ev-9130b59c01"", ""us-broadcom-2025-ev-9130b59c01""]"
cand-9180d365f6f3,ent-67626106d193,ent-69aa5d0c4034,3,medium,Tesla repeatedly appears as an explicit customer in the downloaded-source corpus.,"[""us-tesla-2024-ev-34e2cf896f"", ""us-tesla-2025-ev-34e2cf896f"", ""us-tesla-2026-ev-34e2cf896f""]"
cand-799d4bea6703,ent-67626106d193,ent-be87b76c2961,4,low,General Electric repeatedly appears as an explicit customer in the downloaded-source corpus.,"[""us-general-electric-2025-ev-a0f42ce5cb""]"
cand-af8d42d16926,ent-98a47b91398a,ent-4a748db66120,1,medium,NVIDIA repeatedly appears as an explicit customer in the downloaded-source corpus.,"[""us-nvidia-2024-ev-92f3023bbe"", ""us-nvidia-2024-ev-eccc778823"", ""us-nvidia-2025-ev-92f3023bbe"", ""us-nvidia-2025-ev-eccc778823"", ""us-nvidia-2026-ev-92f3023bbe"", ""us-nvidia-2026-ev-eccc778823""]"
cand-34d210d242bf,ent-98a47b91398a,ent-e8bcd432550d,2,medium,Broadcom repeatedly appears as an explicit customer in the downloaded-source corpus.,"[""us-broadcom-2023-ev-9130b59c01"", ""us-broadcom-2024-ev-3baff8ce17"", ""us-broadcom-2024-ev-9130b59c01"", ""us-broadcom-2025-ev-9130b59c01""]"
cand-fba4cfa7c98a,ent-98a47b91398a,ent-69aa5d0c4034,3,medium,Tesla repeatedly appears as an explicit customer in the downloaded-source corpus.,"[""us-tesla-2024-ev-34e2cf896f"", ""us-tesla-2025-ev-34e2cf896f"", ""us-tesla-2026-ev-34e2cf896f""]"
cand-5563d9b41700,ent-98a47b91398a,ent-be87b76c2961,4,low,General Electric repeatedly appears as an explicit customer in the downloaded-source corpus.,"[""us-general-electric-2025-ev-a0f42ce5cb""]"
cand-70d22eca63f5,ent-2451c73ce022,ent-4a748db66120,1,medium,NVIDIA repeatedly appears as an explicit customer in the downloaded-source corpus.,"[""us-nvidia-2024-ev-92f3023bbe"", ""us-nvidia-2024-ev-eccc778823"", ""us-nvidia-2025-ev-92f3023bbe"", ""us-nvidia-2025-ev-eccc778823"", ""us-nvidia-2026-ev-92f3023bbe"", ""us-nvidia-2026-ev-eccc778823""]"
cand-d673d3496eef,ent-2451c73ce022,ent-e8bcd432550d,2,medium,Broadcom repeatedly appears as an explicit customer in the downloaded-source corpus.,"[""us-broadcom-2023-ev-9130b59c01"", ""us-broadcom-2024-ev-3baff8ce17"", ""us-broadcom-2024-ev-9130b59c01"", ""us-broadcom-2025-ev-9130b59c01""]"
cand-8c9fcbed773b,ent-2451c73ce022,ent-69aa5d0c4034,3,medium,Tesla repeatedly appears as an explicit customer in the downloaded-source corpus.,"[""us-tesla-2024-ev-34e2cf896f"", ""us-tesla-2025-ev-34e2cf896f"", ""us-tesla-2026-ev-34e2cf896f""]"
cand-96ffb121424f,ent-2451c73ce022,ent-be87b76c2961,4,low,General Electric repeatedly appears as an explicit customer in the downloaded-source corpus.,"[""us-general-electric-2025-ev-a0f42ce5cb""]"
cand-1a4490b9087d,ent-173730230d0e,ent-4a748db66120,1,medium,NVIDIA repeatedly appears as an explicit customer in the downloaded-source corpus.,"[""us-nvidia-2024-ev-92f3023bbe"", ""us-nvidia-2024-ev-eccc778823"", ""us-nvidia-2025-ev-92f3023bbe"", ""us-nvidia-2025-ev-eccc778823"", ""us-nvidia-2026-ev-92f3023bbe"", ""us-nvidia-2026-ev-eccc778823""]"
cand-9ff8a624811e,ent-173730230d0e,ent-e8bcd432550d,2,medium,Broadcom repeatedly appears as an explicit customer in the downloaded-source corpus.,"[""us-broadcom-2023-ev-9130b59c01"", ""us-broadcom-2024-ev-3baff8ce17"", ""us-broadcom-2024-ev-9130b59c01"", ""us-broadcom-2025-ev-9130b59c01""]"
cand-3c569c733a71,ent-173730230d0e,ent-69aa5d0c4034,3,medium,Tesla repeatedly appears as an explicit customer in the downloaded-source corpus.,"[""us-tesla-2024-ev-34e2cf896f"", ""us-tesla-2025-ev-34e2cf896f"", ""us-tesla-2026-ev-34e2cf896f""]"
cand-7aed71c4c813,ent-173730230d0e,ent-be87b76c2961,4,low,General Electric repeatedly appears as an explicit customer in the downloaded-source corpus.,"[""us-general-electric-2025-ev-a0f42ce5cb""]"
cand-46d6a59068bb,ent-b398640fbcd7,ent-4a748db66120,1,medium,NVIDIA repeatedly appears as an explicit customer in the downloaded-source corpus.,"[""us-nvidia-2024-ev-92f3023bbe"", ""us-nvidia-2024-ev-eccc778823"", ""us-nvidia-2025-ev-92f3023bbe"", ""us-nvidia-2025-ev-eccc778823"", ""us-nvidia-2026-ev-92f3023bbe"", ""us-nvidia-2026-ev-eccc778823""]"
cand-9477ea7bb815,ent-b398640fbcd7,ent-e8bcd432550d,2,medium,Broadcom repeatedly appears as an explicit customer in the downloaded-source corpus.,"[""us-broadcom-2023-ev-9130b59c01"", ""us-broadcom-2024-ev-3baff8ce17"", ""us-broadcom-2024-ev-9130b59c01"", ""us-broadcom-2025-ev-9130b59c01""]"
cand-9e74fc5f78b9,ent-b398640fbcd7,ent-69aa5d0c4034,3,medium,Tesla repeatedly appears as an explicit customer in the downloaded-source corpus.,"[""us-tesla-2024-ev-34e2cf896f"", ""us-tesla-2025-ev-34e2cf896f"", ""us-tesla-2026-ev-34e2cf896f""]"
cand-ce746d4e00e9,ent-b398640fbcd7,ent-be87b76c2961,4,low,General Electric repeatedly appears as an explicit customer in the downloaded-source corpus.,"[""us-general-electric-2025-ev-a0f42ce5cb""]"
cand-376d28fcbd8d,ent-26380f5190e1,ent-4a748db66120,1,medium,NVIDIA repeatedly appears as an explicit customer in the downloaded-source corpus.,"[""us-nvidia-2024-ev-92f3023bbe"", ""us-nvidia-2024-ev-eccc778823"", ""us-nvidia-2025-ev-92f3023bbe"", ""us-nvidia-2025-ev-eccc778823"", ""us-nvidia-2026-ev-92f3023bbe"", ""us-nvidia-2026-ev-eccc778823""]"
cand-2057651ea2db,ent-26380f5190e1,ent-e8bcd432550d,2,medium,Broadcom repeatedly appears as an explicit customer in the downloaded-source corpus.,"[""us-broadcom-2023-ev-9130b59c01"", ""us-broadcom-2024-ev-3baff8ce17"", ""us-broadcom-2024-ev-9130b59c01"", ""us-broadcom-2025-ev-9130b59c01""]"
cand-133d11032b39,ent-26380f5190e1,ent-69aa5d0c4034,3,medium,Tesla repeatedly appears as an explicit customer in the downloaded-source corpus.,"[""us-tesla-2024-ev-34e2cf896f"", ""us-tesla-2025-ev-34e2cf896f"", ""us-tesla-2026-ev-34e2cf896f""]"
cand-c415272d7998,ent-26380f5190e1,ent-be87b76c2961,4,low,General Electric repeatedly appears as an explicit customer in the downloaded-source corpus.,"[""us-general-electric-2025-ev-a0f42ce5cb""]"
cand-66a7d8fa7bcd,ent-ece5af217d85,ent-4a748db66120,1,medium,NVIDIA repeatedly appears as an explicit customer in the downloaded-source corpus.,"[""us-nvidia-2024-ev-92f3023bbe"", ""us-nvidia-2024-ev-eccc778823"", ""us-nvidia-2025-ev-92f3023bbe"", ""us-nvidia-2025-ev-eccc778823"", ""us-nvidia-2026-ev-92f3023bbe"", ""us-nvidia-2026-ev-eccc778823""]"
cand-4807b09bc7d0,ent-ece5af217d85,ent-e8bcd432550d,2,medium,Broadcom repeatedly appears as an explicit customer in the downloaded-source corpus.,"[""us-broadcom-2023-ev-9130b59c01"", ""us-broadcom-2024-ev-3baff8ce17"", ""us-broadcom-2024-ev-9130b59c01"", ""us-broadcom-2025-ev-9130b59c01""]"
cand-094236ca291b,ent-ece5af217d85,ent-69aa5d0c4034,3,medium,Tesla repeatedly appears as an explicit customer in the downloaded-source corpus.,"[""us-tesla-2024-ev-34e2cf896f"", ""us-tesla-2025-ev-34e2cf896f"", ""us-tesla-2026-ev-34e2cf896f""]"
cand-9e73d13f583d,ent-ece5af217d85,ent-be87b76c2961,4,low,General Electric repeatedly appears as an explicit customer in the downloaded-source corpus.,"[""us-general-electric-2025-ev-a0f42ce5cb""]"
cand-4fa6a4867f5a,ent-3790604d1a57,ent-4a748db66120,1,medium,NVIDIA repeatedly appears as an explicit customer in the downloaded-source corpus.,"[""us-nvidia-2024-ev-92f3023bbe"", ""us-nvidia-2024-ev-eccc778823"", ""us-nvidia-2025-ev-92f3023bbe"", ""us-nvidia-2025-ev-eccc778823"", ""us-nvidia-2026-ev-92f3023bbe"", ""us-nvidia-2026-ev-eccc778823""]"
cand-13cf98afa6cd,ent-3790604d1a57,ent-e8bcd432550d,2,medium,Broadcom repeatedly appears as an explicit customer in the downloaded-source corpus.,"[""us-broadcom-2023-ev-9130b59c01"", ""us-broadcom-2024-ev-3baff8ce17"", ""us-broadcom-2024-ev-9130b59c01"", ""us-broadcom-2025-ev-9130b59c01""]"
cand-c75c44118b70,ent-3790604d1a57,ent-69aa5d0c4034,3,medium,Tesla repeatedly appears as an explicit customer in the downloaded-source corpus.,"[""us-tesla-2024-ev-34e2cf896f"", ""us-tesla-2025-ev-34e2cf896f"", ""us-tesla-2026-ev-34e2cf896f""]"
cand-d8673bdaab9d,ent-3790604d1a57,ent-be87b76c2961,4,low,General Electric repeatedly appears as an explicit customer in the downloaded-source corpus.,"[""us-general-electric-2025-ev-a0f42ce5cb""]"
