evidence_id,country,relation_type,reporter_name,counterparty_name,counterparty_country,confidence,source_system,document_id,document_title,excerpt,page_reference,filing_year,amount_text,percentage_text,parser_method,named_counterparty,download_url,local_path
au-bhp-group-statement-1-ev-91246b92ed,AU,undisclosed_supplier,BHP Group,Undisclosed Supplier,,low,Modern Slavery Statements Register,au-bhp-group-statement-1,Statement #2025-1916,"Modern Slavery Statement 2025 Bringing people and resources together to build a better world Cover photo Spence, Chile BHP Modern Slavery Statement 2025 BHP Group Limited. ABN 49 004 028 077. Registered in Australia. Registered office and global headquarters: 171 Collins Street, Melbourne, Victoria 3000, Australia. This publication is BHP’s Slavery and Human Trafficking Statement (United Kingdom) and Joint Modern Slavery Statement (Australia) and BHP Canada Inc.’s Canadian Forced Labour and Chil",,2025,,,modern_slavery_placeholder,False,https://modernslaveryregister.gov.au/statements/h7O0KIsVA9szAHH/pdf/,/workspace/data/raw/au/bhp-group/statement-1.pdf
au-bhp-group-statement-2-ev-91246b92ed,AU,undisclosed_supplier,BHP Group,Undisclosed Supplier,,low,Modern Slavery Statements Register,au-bhp-group-statement-2,Statement #2024-1870,"MODERN SLAVERY STATEMENT 2024Bringing people and resources together to build a better world BHP recognises modern slavery affects many people across the globe. We are not immune to these risks. Our actions to combat modern slavery in our operations and throughout our supply chain are founded on the collective conviction that everyone has fundamental human rights to freedom, safety and dignity. We take our responsibility to respect human rights seriously. As one of the world’s leading resource co",,2024,,,modern_slavery_placeholder,False,https://modernslaveryregister.gov.au/statements/jr2S3taNPxhO4wI/pdf/,/workspace/data/raw/au/bhp-group/statement-2.pdf
au-wesfarmers-statement-1-ev-91246b92ed,AU,undisclosed_supplier,Wesfarmers,Undisclosed Supplier,,low,Modern Slavery Statements Register,au-wesfarmers-statement-1,Statement #2025-2291,"2025 Modern Slavery Statement About this Statement This Modern Slavery Statement (Statement) is made in accordance with Section 14 of the Modern Slavery Act 2018 (Cth) (‘MSA’ or ‘the Act’). It describes steps taken by the Wesfarmers Group (the Group) during the year ended 30 June 2025 to identify, monitor, mitigate and remediate the risk of modern slavery in the Group’s businesses and supply chains. This is Wesfarmers’ tenth Statement and sixth made under the MSA. References to a ‘year’, ‘this y",,2025,,,modern_slavery_placeholder,False,https://modernslaveryregister.gov.au/statements/otobNafxmHErjnH/pdf/,/workspace/data/raw/au/wesfarmers/statement-1.pdf
au-wesfarmers-statement-2-ev-91246b92ed,AU,undisclosed_supplier,Wesfarmers,Undisclosed Supplier,,low,Modern Slavery Statements Register,au-wesfarmers-statement-2,Statement #2024-2693,"2024 Modern Slavery Statement This Modern Slavery Statement is made in accordance with Section 14 of the Australian Modern Slavery Act 2018 (Cth) (MSA). It describes steps taken by the Wesfarmers Group during the year ended 30 June 2024 to identify, mitigate and remediate the risk of modern slavery in the Group’s businesses and supply chains. This is Wesfarmers’ ninth Modern Slavery Statement and fifth made under the MSA. This Modern Slavery Statement is a joint statement, made on behalf of all ",,2024,,,modern_slavery_placeholder,False,https://modernslaveryregister.gov.au/statements/x5P9S9PQr6bEQKM/pdf/,/workspace/data/raw/au/wesfarmers/statement-2.pdf
au-qantas-airways-statement-1-ev-91246b92ed,AU,undisclosed_supplier,Qantas Airways,Undisclosed Supplier,,low,Modern Slavery Statements Register,au-qantas-airways-statement-1,Statement #2025-3464,"Modern Slavery and Human Trafficking Statement 2025 For more than 100 years, Qantas has safely connected people and places. With this legacy comes significant responsibility, and respecting human rights — including our commitment to combat modern slavery — is core to our values. As a global carrier, we recognise that our operations and extended supply chains both here in Australia and overseas, intersect with industries and geographies where risks to people may be elevated. In FY25, we took step",,2025,,,modern_slavery_placeholder,False,https://modernslaveryregister.gov.au/statements/PMYeD9bbvSwqhi8/pdf/,/workspace/data/raw/au/qantas-airways/statement-1.pdf
au-qantas-airways-statement-2-ev-91246b92ed,AU,undisclosed_supplier,Qantas Airways,Undisclosed Supplier,,low,Modern Slavery Statements Register,au-qantas-airways-statement-2,Statement #2024-3060,"Modern Slavery and Human Trafficking Statement 2024 About this Statement This Modern Slavery Statement ( Statement), is made under the Australian Modern Slavery Act 2018 (Cth) ( MSA), s54(1) of the United Kingdom (UK) Modern Slavery Act 20 15 (UK MSA) and the Canadian Fighting Against Forced Labour and Child Labour in Supply Chains Act (Supply Chains Act ). It sets out the actions taken by the Qantas Group to assess and address modern slavery risks 1 in our operations and supply chains during th",,2024,,,modern_slavery_placeholder,False,https://modernslaveryregister.gov.au/statements/l7hxefeutZm217y/pdf/,/workspace/data/raw/au/qantas-airways/statement-2.pdf
cn-byd-2024-ev-aa54fe0fad,CN,undisclosed_customer,BYD,Undisclosed Customer,,medium,CNINFO,cn-byd-2024,2024年年度报告,"1 客户一 98,561,168,000.00 12.68%",,2024,,12.68%,cn_table_masked_line,False,https://static.cninfo.com.cn/finalpage/2025-03-25/1222881496.PDF,/workspace/data/raw/cn/byd/2024-annual-report.pdf
cn-byd-2024-ev-6a2a82be81,CN,undisclosed_customer,BYD,Undisclosed Customer,,medium,CNINFO,cn-byd-2024,2024年年度报告,"2 客户二 16,103,064,000.00 2.08%",,2024,,2.08%,cn_table_masked_line,False,https://static.cninfo.com.cn/finalpage/2025-03-25/1222881496.PDF,/workspace/data/raw/cn/byd/2024-annual-report.pdf
cn-byd-2024-ev-cf0efdb359,CN,undisclosed_customer,BYD,Undisclosed Customer,,medium,CNINFO,cn-byd-2024,2024年年度报告,"3 客户三 10,636,511,000.00 1.37%",,2024,,1.37%,cn_table_masked_line,False,https://static.cninfo.com.cn/finalpage/2025-03-25/1222881496.PDF,/workspace/data/raw/cn/byd/2024-annual-report.pdf
cn-byd-2024-ev-89201daefe,CN,undisclosed_customer,BYD,Undisclosed Customer,,medium,CNINFO,cn-byd-2024,2024年年度报告,"4 客户四 9,270,269,000.00 1.19%",,2024,,1.19%,cn_table_masked_line,False,https://static.cninfo.com.cn/finalpage/2025-03-25/1222881496.PDF,/workspace/data/raw/cn/byd/2024-annual-report.pdf
cn-byd-2024-ev-508ed25637,CN,undisclosed_customer,BYD,Undisclosed Customer,,medium,CNINFO,cn-byd-2024,2024年年度报告,"5 客户五 8,042,541,000.00 1.03%",,2024,,1.03%,cn_table_masked_line,False,https://static.cninfo.com.cn/finalpage/2025-03-25/1222881496.PDF,/workspace/data/raw/cn/byd/2024-annual-report.pdf
cn-byd-2024-ev-2315df91e3,CN,undisclosed_supplier,BYD,Undisclosed Supplier,,medium,CNINFO,cn-byd-2024,2024年年度报告,"1 供应商一 55,920,494,000.00 9.87%",,2024,,9.87%,cn_table_masked_line,False,https://static.cninfo.com.cn/finalpage/2025-03-25/1222881496.PDF,/workspace/data/raw/cn/byd/2024-annual-report.pdf
cn-byd-2024-ev-f1d9c63c2e,CN,undisclosed_supplier,BYD,Undisclosed Supplier,,medium,CNINFO,cn-byd-2024,2024年年度报告,"2 供应商二 11,668,463,000.00 2.06%",,2024,,2.06%,cn_table_masked_line,False,https://static.cninfo.com.cn/finalpage/2025-03-25/1222881496.PDF,/workspace/data/raw/cn/byd/2024-annual-report.pdf
cn-byd-2024-ev-9476ff5e31,CN,undisclosed_supplier,BYD,Undisclosed Supplier,,medium,CNINFO,cn-byd-2024,2024年年度报告,"3 供应商三 9,947,263,000.00 1.76%",,2024,,1.76%,cn_table_masked_line,False,https://static.cninfo.com.cn/finalpage/2025-03-25/1222881496.PDF,/workspace/data/raw/cn/byd/2024-annual-report.pdf
cn-byd-2024-ev-9a32e08e89,CN,undisclosed_supplier,BYD,Undisclosed Supplier,,medium,CNINFO,cn-byd-2024,2024年年度报告,"4 供应商四 9,365,874,000.00 1.65%",,2024,,1.65%,cn_table_masked_line,False,https://static.cninfo.com.cn/finalpage/2025-03-25/1222881496.PDF,/workspace/data/raw/cn/byd/2024-annual-report.pdf
cn-byd-2024-ev-39926e55a4,CN,undisclosed_supplier,BYD,Undisclosed Supplier,,medium,CNINFO,cn-byd-2024,2024年年度报告,"5 供应商五 8,914,716,000.00 1.57%",,2024,,1.57%,cn_table_masked_line,False,https://static.cninfo.com.cn/finalpage/2025-03-25/1222881496.PDF,/workspace/data/raw/cn/byd/2024-annual-report.pdf
cn-byd-2023-ev-7a2b540c1b,CN,undisclosed_customer,BYD,Undisclosed Customer,,medium,CNINFO,cn-byd-2023,2023年年度报告,"1 客户一 63,387,758,000.00 10.52%",,2023,,10.52%,cn_table_masked_line,False,https://static.cninfo.com.cn/finalpage/2024-03-27/1219412018.PDF,/workspace/data/raw/cn/byd/2023-annual-report.pdf
cn-byd-2023-ev-e709a2ed44,CN,undisclosed_customer,BYD,Undisclosed Customer,,medium,CNINFO,cn-byd-2023,2023年年度报告,"2 客户二 12,389,040,000.00 2.06%",,2023,,2.06%,cn_table_masked_line,False,https://static.cninfo.com.cn/finalpage/2024-03-27/1219412018.PDF,/workspace/data/raw/cn/byd/2023-annual-report.pdf
cn-byd-2023-ev-40689ad3ef,CN,undisclosed_customer,BYD,Undisclosed Customer,,medium,CNINFO,cn-byd-2023,2023年年度报告,"3 客户三 10,419,606,000.00 1.73%",,2023,,1.73%,cn_table_masked_line,False,https://static.cninfo.com.cn/finalpage/2024-03-27/1219412018.PDF,/workspace/data/raw/cn/byd/2023-annual-report.pdf
cn-byd-2023-ev-42d36cdfd0,CN,undisclosed_customer,BYD,Undisclosed Customer,,medium,CNINFO,cn-byd-2023,2023年年度报告,"4 客户四 10,186,878,000.00 1.69%",,2023,,1.69%,cn_table_masked_line,False,https://static.cninfo.com.cn/finalpage/2024-03-27/1219412018.PDF,/workspace/data/raw/cn/byd/2023-annual-report.pdf
cn-byd-2023-ev-2ff5d0aa5a,CN,undisclosed_customer,BYD,Undisclosed Customer,,medium,CNINFO,cn-byd-2023,2023年年度报告,"5 客户五 8,099,604,000.00 1.34%",,2023,,1.34%,cn_table_masked_line,False,https://static.cninfo.com.cn/finalpage/2024-03-27/1219412018.PDF,/workspace/data/raw/cn/byd/2023-annual-report.pdf
cn-byd-2023-ev-e74ab2bd1c,CN,undisclosed_supplier,BYD,Undisclosed Supplier,,medium,CNINFO,cn-byd-2023,2023年年度报告,"1 供应商一 42,481,513,000.00 9.72%",,2023,,9.72%,cn_table_masked_line,False,https://static.cninfo.com.cn/finalpage/2024-03-27/1219412018.PDF,/workspace/data/raw/cn/byd/2023-annual-report.pdf
cn-byd-2023-ev-85c0baf5ec,CN,undisclosed_supplier,BYD,Undisclosed Supplier,,medium,CNINFO,cn-byd-2023,2023年年度报告,"2 供应商二 16,962,194,000.00 3.88%",,2023,,3.88%,cn_table_masked_line,False,https://static.cninfo.com.cn/finalpage/2024-03-27/1219412018.PDF,/workspace/data/raw/cn/byd/2023-annual-report.pdf
cn-byd-2023-ev-9d1f052032,CN,undisclosed_supplier,BYD,Undisclosed Supplier,,medium,CNINFO,cn-byd-2023,2023年年度报告,"3 供应商三 10,184,880,000.00 2.33%",,2023,,2.33%,cn_table_masked_line,False,https://static.cninfo.com.cn/finalpage/2024-03-27/1219412018.PDF,/workspace/data/raw/cn/byd/2023-annual-report.pdf
cn-byd-2023-ev-6f4e8ed774,CN,undisclosed_supplier,BYD,Undisclosed Supplier,,medium,CNINFO,cn-byd-2023,2023年年度报告,"4 供应商四 9,433,177,000.00 2.16%",,2023,,2.16%,cn_table_masked_line,False,https://static.cninfo.com.cn/finalpage/2024-03-27/1219412018.PDF,/workspace/data/raw/cn/byd/2023-annual-report.pdf
cn-byd-2023-ev-b0392f8100,CN,undisclosed_supplier,BYD,Undisclosed Supplier,,medium,CNINFO,cn-byd-2023,2023年年度报告,"5 供应商五 9,070,028,000.00 2.08%",,2023,,2.08%,cn_table_masked_line,False,https://static.cninfo.com.cn/finalpage/2024-03-27/1219412018.PDF,/workspace/data/raw/cn/byd/2023-annual-report.pdf
cn-byd-2022-ev-66199d941f,CN,undisclosed_customer,BYD,Undisclosed Customer,,medium,CNINFO,cn-byd-2022,2022年年度报告,"1 客户一 47,760,432,000.00 11.26%",,2022,,11.26%,cn_table_masked_line,False,https://static.cninfo.com.cn/finalpage/2023-03-29/1216246589.PDF,/workspace/data/raw/cn/byd/2022-annual-report.pdf
cn-byd-2022-ev-7408f68729,CN,undisclosed_customer,BYD,Undisclosed Customer,,medium,CNINFO,cn-byd-2022,2022年年度报告,"2 客户二 11,555,385,000.00 2.72%",,2022,,2.72%,cn_table_masked_line,False,https://static.cninfo.com.cn/finalpage/2023-03-29/1216246589.PDF,/workspace/data/raw/cn/byd/2022-annual-report.pdf
cn-byd-2022-ev-92168e9874,CN,undisclosed_customer,BYD,Undisclosed Customer,,medium,CNINFO,cn-byd-2022,2022年年度报告,"3 客户三 9,091,344,000.00 2.14%",,2022,,2.14%,cn_table_masked_line,False,https://static.cninfo.com.cn/finalpage/2023-03-29/1216246589.PDF,/workspace/data/raw/cn/byd/2022-annual-report.pdf
cn-byd-2022-ev-773d3918f6,CN,undisclosed_customer,BYD,Undisclosed Customer,,medium,CNINFO,cn-byd-2022,2022年年度报告,"4 客户四 6,203,014,000.00 1.46%",,2022,,1.46%,cn_table_masked_line,False,https://static.cninfo.com.cn/finalpage/2023-03-29/1216246589.PDF,/workspace/data/raw/cn/byd/2022-annual-report.pdf
cn-byd-2022-ev-09253a9e71,CN,undisclosed_customer,BYD,Undisclosed Customer,,medium,CNINFO,cn-byd-2022,2022年年度报告,"5 客户五 5,414,840,000.00 1.28%",,2022,,1.28%,cn_table_masked_line,False,https://static.cninfo.com.cn/finalpage/2023-03-29/1216246589.PDF,/workspace/data/raw/cn/byd/2022-annual-report.pdf
cn-byd-2022-ev-f5290008c2,CN,undisclosed_supplier,BYD,Undisclosed Supplier,,medium,CNINFO,cn-byd-2022,2022年年度报告,"1 供应商一 38,737,012,000.00 10.44%",,2022,,10.44%,cn_table_masked_line,False,https://static.cninfo.com.cn/finalpage/2023-03-29/1216246589.PDF,/workspace/data/raw/cn/byd/2022-annual-report.pdf
cn-byd-2022-ev-7e9bdfb91b,CN,undisclosed_supplier,BYD,Undisclosed Supplier,,medium,CNINFO,cn-byd-2022,2022年年度报告,"2 供应商二 18,311,108,000.00 4.94%",,2022,,4.94%,cn_table_masked_line,False,https://static.cninfo.com.cn/finalpage/2023-03-29/1216246589.PDF,/workspace/data/raw/cn/byd/2022-annual-report.pdf
cn-byd-2022-ev-af83698572,CN,undisclosed_supplier,BYD,Undisclosed Supplier,,medium,CNINFO,cn-byd-2022,2022年年度报告,"3 供应商三 8,632,386,000.00 2.33%",,2022,,2.33%,cn_table_masked_line,False,https://static.cninfo.com.cn/finalpage/2023-03-29/1216246589.PDF,/workspace/data/raw/cn/byd/2022-annual-report.pdf
cn-byd-2022-ev-99e710b7ab,CN,undisclosed_supplier,BYD,Undisclosed Supplier,,medium,CNINFO,cn-byd-2022,2022年年度报告,"4 供应商四 8,477,222,000.00 2.28%",,2022,,2.28%,cn_table_masked_line,False,https://static.cninfo.com.cn/finalpage/2023-03-29/1216246589.PDF,/workspace/data/raw/cn/byd/2022-annual-report.pdf
cn-byd-2022-ev-e0752be710,CN,undisclosed_supplier,BYD,Undisclosed Supplier,,medium,CNINFO,cn-byd-2022,2022年年度报告,"5 供应商五 7,758,546,000.00 2.09%",,2022,,2.09%,cn_table_masked_line,False,https://static.cninfo.com.cn/finalpage/2023-03-29/1216246589.PDF,/workspace/data/raw/cn/byd/2022-annual-report.pdf
us-nvidia-2026-ev-eccc778823,US,supplier,NVIDIA,Taiwan Semiconductor Manufacturing Company Limited,,medium,SEC EDGAR,us-nvidia-2026,NVIDIA 10-K 2026,"utilize foundries, such as Taiwan Semiconductor Manufacturing Company Limited, or TSMC, and Samsung Electronics Co",,2026,,,sec_supplier_regex,True,https://www.sec.gov/Archives/edgar/data/1045810/000104581026000021/nvda-20260125.htm,/workspace/data/raw/us/nvidia/2026-10-k.html
us-nvidia-2026-ev-92f3023bbe,US,supplier,NVIDIA,Taiwan Semiconductor Manufacturing Company Limited,,medium,SEC EDGAR,us-nvidia-2026,NVIDIA 10-K 2026,"foundries, such as Taiwan Semiconductor Manufacturing Company Limited, or TSMC, and Samsung Electronics Co",,2026,,,sec_supplier_regex,True,https://www.sec.gov/Archives/edgar/data/1045810/000104581026000021/nvda-20260125.htm,/workspace/data/raw/us/nvidia/2026-10-k.html
us-nvidia-2025-ev-eccc778823,US,supplier,NVIDIA,Taiwan Semiconductor Manufacturing Company Limited,,medium,SEC EDGAR,us-nvidia-2025,NVIDIA 10-K 2025,"utilize foundries, such as Taiwan Semiconductor Manufacturing Company Limited, or TSMC, and Samsung Electronics Co",,2025,,,sec_supplier_regex,True,https://www.sec.gov/Archives/edgar/data/1045810/000104581025000023/nvda-20250126.htm,/workspace/data/raw/us/nvidia/2025-10-k.html
us-nvidia-2025-ev-92f3023bbe,US,supplier,NVIDIA,Taiwan Semiconductor Manufacturing Company Limited,,medium,SEC EDGAR,us-nvidia-2025,NVIDIA 10-K 2025,"foundries, such as Taiwan Semiconductor Manufacturing Company Limited, or TSMC, and Samsung Electronics Co",,2025,,,sec_supplier_regex,True,https://www.sec.gov/Archives/edgar/data/1045810/000104581025000023/nvda-20250126.htm,/workspace/data/raw/us/nvidia/2025-10-k.html
us-nvidia-2024-ev-eccc778823,US,supplier,NVIDIA,Taiwan Semiconductor Manufacturing Company Limited,,medium,SEC EDGAR,us-nvidia-2024,NVIDIA 10-K 2024,"utilize foundries, such as Taiwan Semiconductor Manufacturing Company Limited, or TSMC, and Samsung Electronics Co",,2024,,,sec_supplier_regex,True,https://www.sec.gov/Archives/edgar/data/1045810/000104581024000029/nvda-20240128.htm,/workspace/data/raw/us/nvidia/2024-10-k.html
us-nvidia-2024-ev-92f3023bbe,US,supplier,NVIDIA,Taiwan Semiconductor Manufacturing Company Limited,,medium,SEC EDGAR,us-nvidia-2024,NVIDIA 10-K 2024,"foundries, such as Taiwan Semiconductor Manufacturing Company Limited, or TSMC, and Samsung Electronics Co",,2024,,,sec_supplier_regex,True,https://www.sec.gov/Archives/edgar/data/1045810/000104581024000029/nvda-20240128.htm,/workspace/data/raw/us/nvidia/2024-10-k.html
us-apple-2025-ev-68da4c240a,US,undisclosed_customer,Apple,Undisclosed Customer,,low,SEC EDGAR,us-apple-2025,Apple 10-K 2025,one customer that represented 10%,,2025,,,sec_undisclosed_customer_regex,False,https://www.sec.gov/Archives/edgar/data/320193/000032019325000079/aapl-20250927.htm,/workspace/data/raw/us/apple/2025-10-k.html
us-apple-2023-ev-68da4c240a,US,undisclosed_customer,Apple,Undisclosed Customer,,low,SEC EDGAR,us-apple-2023,Apple 10-K 2023,one customer that represented 10%,,2023,,,sec_undisclosed_customer_regex,False,https://www.sec.gov/Archives/edgar/data/320193/000032019323000106/aapl-20230930.htm,/workspace/data/raw/us/apple/2023-10-k.html
us-tesla-2026-ev-34e2cf896f,US,supplier,Tesla,Contemporary Amperex Technology,,medium,SEC EDGAR,us-tesla-2026,Tesla 10-K 2026,rely on suppliers such as Panasonic and Contemporary Amperex Technology Co,,2026,,,sec_supplier_regex,True,https://www.sec.gov/Archives/edgar/data/1318605/000162828026003952/tsla-20251231.htm,/workspace/data/raw/us/tesla/2026-10-k.html
us-tesla-2025-ev-34e2cf896f,US,supplier,Tesla,Contemporary Amperex Technology,,medium,SEC EDGAR,us-tesla-2025,Tesla 10-K 2025,rely on suppliers such as Panasonic and Contemporary Amperex Technology Co,,2025,,,sec_supplier_regex,True,https://www.sec.gov/Archives/edgar/data/1318605/000162828025003063/tsla-20241231.htm,/workspace/data/raw/us/tesla/2025-10-k.html
us-tesla-2024-ev-34e2cf896f,US,supplier,Tesla,Contemporary Amperex Technology,,medium,SEC EDGAR,us-tesla-2024,Tesla 10-K 2024,rely on suppliers such as Panasonic and Contemporary Amperex Technology Co,,2024,,,sec_supplier_regex,True,https://www.sec.gov/Archives/edgar/data/1318605/000162828024002390/tsla-20231231.htm,/workspace/data/raw/us/tesla/2024-10-k.html
